{
  "project_info": {
    "project_number": "207947175162",
    "project_id": "chatroom-8e8da",
    "storage_bucket": "chatroom-8e8da.appspot.com"
  },
  "client": [
    {
      "client_info": {
        "mobilesdk_app_id": "1:207947175162:android:2b5374ce0b447bcc56a543",
        "android_client_info": {
          "package_name": "com.raj.chatterbox"
        }
      },
      "oauth_client": [],
      "api_key": [
        {
          "current_key": "AIzaSyBs1IyHPhvQgT-TtWVKMd5ix_dNS8Zj6zA"
        }
      ],
      "services": {
        "appinvite_service": {
          "other_platform_oauth_client": []
        }
      }
    }
  ],
  "configuration_version": "1"
}